Filename,ID,Theme,Distance,Source,link
01_EFAI_Final.mov,1,Eudaimonic,Far,AI-generated,https://player.vimeo.com/video/1079959051?h=12de4cbf60
01_EFH_Final.mov,1,Eudaimonic,Far,Human-created,https://player.vimeo.com/video/1079959194?h=72f2159eaf
01_ENAI_Final.mov,1,Eudaimonic,Near,AI-generated,https://player.vimeo.com/video/1079959334?h=65356e59ee
01_ENH_Final.mov,1,Eudaimonic,Near,Human-created,https://player.vimeo.com/video/1079959447?h=89b6d631c0
02_EFAI_Final.mov,2,Eudaimonic,Far,AI-generated,https://player.vimeo.com/video/1079959527?h=fda2ff30c9
02_EFH_Final.mov,2,Eudaimonic,Far,Human-created,https://player.vimeo.com/video/1079959635?h=1e4cdc2211
02_ENAI_Final.mov,2,Eudaimonic,Near,AI-generated,https://player.vimeo.com/video/1079959762?h=b56c969354
02_ENH_Final.mov,2,Eudaimonic,Near,Human-created,https://player.vimeo.com/video/1079959845?h=5b246a016a
03_EFAI_Final.mov,3,Eudaimonic,Far,AI-generated,https://player.vimeo.com/video/1079960034?h=f7742953a3
03_EFH_Final.mov,3,Eudaimonic,Far,Human-created,https://player.vimeo.com/video/1079960299?h=1d591aaab6
03_ENAI_Final.mov,3,Eudaimonic,Near,AI-generated,https://player.vimeo.com/video/1079961301?h=d275b23e61
03_ENH_Final.mov,3,Eudaimonic,Near,Human-created,https://player.vimeo.com/video/1079961386?h=3f6ca09979
04_EFAI_Final.mov,4,Eudaimonic,Far,AI-generated,https://player.vimeo.com/video/1079961484?h=c11bf645c4
04_EFH_Final.mov,4,Eudaimonic,Far,Human-created,https://player.vimeo.com/video/1079961524?h=8c18bc3a44
04_ENAI_Final.mov,4,Eudaimonic,Near,AI-generated,https://player.vimeo.com/video/1079961557?h=7d455d37cc
04_ENH_Final.mov,4,Eudaimonic,Near,Human-created,https://player.vimeo.com/video/1079961647?h=8ff07bfe32
05_EFAI_Final.mov,5,Eudaimonic,Far,AI-generated,https://player.vimeo.com/video/1079961946?h=c9ea113497
05_EFH_Final.mov,5,Eudaimonic,Far,Human-created,https://player.vimeo.com/video/1079962130?h=8cd76118dc
05_ENAI_Final.mov,5,Eudaimonic,Near,AI-generated,https://player.vimeo.com/video/1079962293?h=745cdf8e2f
05_ENH_Final.mov,5,Eudaimonic,Near,Human-created,https://player.vimeo.com/video/1079962431?h=b48b4f1b0b
06_EFAI_Final.mov,6,Eudaimonic,Far,AI-generated,https://player.vimeo.com/video/1079962583?h=7dce45af19
06_EFH_Final.mov,6,Eudaimonic,Far,Human-created,https://player.vimeo.com/video/1079962695?h=3dfa633d9a
06_ENAI_Final.mov,6,Eudaimonic,Near,AI-generated,https://player.vimeo.com/video/1079962804?h=bb11b65467
06_ENH_Final.mov,6,Eudaimonic,Near,Human-created,https://player.vimeo.com/video/1079962891?h=b665ab3921
07_HFAI_Final.mov,7,Hedonic,Far,AI-generated,https://player.vimeo.com/video/1079962918?h=e328a9c173
07_HFH_Final.mov,7,Hedonic,Far,Human-created,https://player.vimeo.com/video/1079962947?h=84536b554d
07_HNAI_Final.mov,7,Hedonic,Near,AI-generated,https://player.vimeo.com/video/1079963004?h=6b5b349f69
07_HNH_Final.mov,7,Hedonic,Near,Human-created,https://player.vimeo.com/video/1079963065?h=8e23c7d846
08_HFAI_Final.mov,8,Hedonic,Far,AI-generated,https://player.vimeo.com/video/1079963103?h=1a4be5cc39
08_HFH_Final.mov,8,Hedonic,Far,Human-created,https://player.vimeo.com/video/1079963211?h=45d2b6a887
08_HNAI_Final.mov,8,Hedonic,Near,AI-generated,https://player.vimeo.com/video/1079963266?h=8b69d69f39
08_HNH_Final.mov,8,Hedonic,Near,Human-created,https://player.vimeo.com/video/1079963301?h=44a00cd90a
09_HFAI_Final.mov,9,Hedonic,Far,AI-generated,https://player.vimeo.com/video/1079963342?h=e692cb6fc4
09_HFH_Final.mov,9,Hedonic,Far,Human-created,https://player.vimeo.com/video/1079963361?h=05e393b084
09_HNAI_Final.mov,9,Hedonic,Near,AI-generated,https://player.vimeo.com/video/1079963394?h=235f47bded
09_HNH_Final.mov,9,Hedonic,Near,Human-created,https://player.vimeo.com/video/1079963428?h=d6883b1362
10_HFAI_Final.mov,10,Hedonic,Far,AI-generated,https://player.vimeo.com/video/1079963459?h=821dbb20da
10_HFH_Final.mov,10,Hedonic,Far,Human-created,https://player.vimeo.com/video/1079963493?h=7518a86174
10_HNAI_Final.mov,10,Hedonic,Near,AI-generated,https://player.vimeo.com/video/1079963526?h=bda93330df
10_HNH_Final.mov,10,Hedonic,Near,Human-created,https://player.vimeo.com/video/1079963562?h=dad6ea3ad1
11_HFAI_Final.mov,11,Hedonic,Far,AI-generated,https://player.vimeo.com/video/1079963579?h=3136825be5
11_HFH_Final.mov,11,Hedonic,Far,Human-created,https://player.vimeo.com/video/1079963604?h=3988ee4a0d
11_HNAI_Final.mov,11,Hedonic,Near,AI-generated,https://player.vimeo.com/video/1079963622?h=2299cef2ef
11_HNH_Final.mov,11,Hedonic,Near,Human-created,https://player.vimeo.com/video/1079963648?h=8dfdbd0d02
12_HFAI_Final.mov,12,Hedonic,Far,AI-generated,https://player.vimeo.com/video/1079963668?h=8cb4281248
12_HFH_Final.mov,12,Hedonic,Far,Human-created,https://player.vimeo.com/video/1079963780?h=b17ddeb414
12_HNAI_Final.mov,12,Hedonic,Near,AI-generated,https://player.vimeo.com/video/1079963899?h=b7fd416d42
12_HNH_Final.mov,12,Hedonic,Near,Human-created,https://player.vimeo.com/video/1079963997?h=8dfea890a7
13_HFAI_Final.mov,13,Hedonic,Far,AI-generated,https://player.vimeo.com/video/1079964094?h=71b68170c6
13_HFH_Final.mov,13,Hedonic,Far,Human-created,https://player.vimeo.com/video/1079964207?h=43110d34e5
13_HNAI_Final.mov,13,Hedonic,Near,AI-generated,https://player.vimeo.com/video/1079964359?h=4360af92c2
13_HNH_Final.mov,13,Hedonic,Near,Human-created,https://player.vimeo.com/video/1079964432?h=7c350295fe
14_HFAI_Final.mov,14,Hedonic,Far,AI-generated,https://player.vimeo.com/video/1079964574?h=0377bade5c
14_HFH_Final.mov,14,Hedonic,Far,Human-created,https://player.vimeo.com/video/1079964679?h=4f7df07303
14_HNAI_Final.mov,14,Hedonic,Near,AI-generated,https://player.vimeo.com/video/1079964745?h=576c6543e5
14_HNH_Final.mov,14,Hedonic,Near,Human-created,https://player.vimeo.com/video/1079964856?h=3f93478d68
15_HFAI_Final.mov,15,Hedonic,Far,AI-generated,https://player.vimeo.com/video/1079964942?h=7f998500b5
15_HFH_Final.mov,15,Hedonic,Far,Human-created,https://player.vimeo.com/video/1079965059?h=3165b41ed0
15_HNAI_Final.mov,15,Hedonic,Near,AI-generated,https://player.vimeo.com/video/1079965163?h=9da814b025
15_HNH_Final.mov,15,Hedonic,Near,Human-created,https://player.vimeo.com/video/1079965260?h=2de8c2ff8a
16_HFAI_Final.mov,16,Hedonic,Far,AI-generated,https://player.vimeo.com/video/1079965366?h=ffd9c84bab
16_HFH_Final.mov,16,Hedonic,Far,Human-created,https://player.vimeo.com/video/1079965471?h=03ac14d141
16_HNAI_Final.mov,16,Hedonic,Near,AI-generated,https://player.vimeo.com/video/1079965568?h=c26de226c2
16_HNH_Final.mov,16,Hedonic,Near,Human-created,https://player.vimeo.com/video/1079965636?h=a176fa323a
17_HFAI_Final.mov,17,Hedonic,Far,AI-generated,https://player.vimeo.com/video/1079965732?h=c968371eeb
17_HFH_Final.mov,17,Hedonic,Far,Human-created,https://player.vimeo.com/video/1079965824?h=32e8368b75
17_HNAI_Final.mov,17,Hedonic,Near,AI-generated,https://player.vimeo.com/video/1079965923?h=108d43fc10
17_HNH_Final.mov,17,Hedonic,Near,Human-created,https://player.vimeo.com/video/1079966007?h=532a2c51f6
18_HFAI_Final.mov,18,Hedonic,Far,AI-generated,https://player.vimeo.com/video/1079966099?h=b9637af679
18_HFH_Final.mov,18,Hedonic,Far,Human-created,https://player.vimeo.com/video/1079966162?h=572dbe1f27
18_HNAI_Final.mov,18,Hedonic,Near,AI-generated,https://player.vimeo.com/video/1079966276?h=9c80f1e329
18_HNH_Final.mov,18,Hedonic,Near,Human-created,https://player.vimeo.com/video/1079966352?h=cbf64856c2
19_EAI_Final.mov,19,Eudaimonic,,AI-generated,https://player.vimeo.com/video/1079966453?h=c90b7ee90b
19_EH_Final.mov,19,Eudaimonic,,Human-created,https://player.vimeo.com/video/1079966569?h=26c7dccd0f
20_EAI_Final.mov,20,Eudaimonic,,AI-generated,https://player.vimeo.com/video/1079966631?h=971a42c1a5
20_EH_Final.mov,20,Eudaimonic,,Human-created,https://player.vimeo.com/video/1079966733?h=0f835b324b
21_EAI_Final.mov,21,Eudaimonic,,AI-generated,https://player.vimeo.com/video/1079966841?h=7a418685d6
21_EH_Final.mov,21,Eudaimonic,,Human-created,https://player.vimeo.com/video/1079966958?h=a2abdaaada
22_EAI_Final.mov,22,Eudaimonic,,AI-generated,https://player.vimeo.com/video/1079967064?h=4841f644de
22_EH_Final.mov,22,Eudaimonic,,Human-created,https://player.vimeo.com/video/1079967181?h=7c176c6366
23_HAI_Final.mov,23,Hedonic,,AI-generated,https://player.vimeo.com/video/1079967256?h=ff51471dea
23_HH_Final.mov,23,Hedonic,,Human-created,https://player.vimeo.com/video/1079967355?h=fd0a8fef2e
24_HAI_Final.mov,24,Hedonic,,AI-generated,https://player.vimeo.com/video/1079967470?h=39a1d6b7ab
24_HH_Final.mov,24,Hedonic,,Human-created,https://player.vimeo.com/video/1079967583?h=406b7162a6
25_HAI_Final.mov,25,Hedonic,,AI-generated,https://player.vimeo.com/video/1079967656?h=68f8516e89
25_HH_Final.mov,25,Hedonic,,Human-created,https://player.vimeo.com/video/1079967755?h=78cfcf3e9f
26_HAI_Final.mov,26,Hedonic,,AI-generated,https://player.vimeo.com/video/1079967859?h=4d6c910ded
26_HH_Final.mov,26,Hedonic,,Human-created,https://player.vimeo.com/video/1079967963?h=6c7874616c
27_HAI_Final.mov,27,Hedonic,,AI-generated,https://player.vimeo.com/video/1079968025?h=9f704f962e
27_HH_Final.mov,27,Hedonic,,Human-created,https://player.vimeo.com/video/1079968123?h=0ae8940721
28_HAI_Final.mov,28,Hedonic,,AI-generated,https://player.vimeo.com/video/1079968224?h=85700264c3
28_HH_Final.mov,28,Hedonic,,Human-created,https://player.vimeo.com/video/1079968318?h=2b26677976
29_HAI_Final.mov,29,Hedonic,,AI-generated,https://player.vimeo.com/video/1079968424?h=cad92537a4
29_HH_Final.mov,29,Hedonic,,Human-created,https://player.vimeo.com/video/1079968524?h=2e0f2d6463
30_HAI_Final.mov,30,Hedonic,,AI-generated,https://player.vimeo.com/video/1079968610?h=da6046f94b
30_HH_Final.mov,30,Hedonic,,Human-created,https://player.vimeo.com/video/1079968636?h=cb8dae9151
31_HAI_Final.mov,31,Hedonic,,AI-generated,https://player.vimeo.com/video/1079968670?h=115e2b88d5
31_HH_Final.mov,31,Hedonic,,Human-created,https://player.vimeo.com/video/1079968704?h=60754e8cb9
32_HAI_Final.mov,32,Hedonic,,AI-generated,https://player.vimeo.com/video/1079968734?h=14cf2db1dc
32_HH_Final.mov,32,Hedonic,,Human-created,https://player.vimeo.com/video/1079968761?h=a328877eb0
33_HAI_Final.mov,33,Hedonic,,AI-generated,https://player.vimeo.com/video/1079968795?h=0064a09431
33_HH_Final.mov,33,Hedonic,,Human-created,https://player.vimeo.com/video/1079968816?h=9ec650ae86
34_HAI_Final.mov,34,Hedonic,,AI-generated,https://player.vimeo.com/video/1079968849?h=f3b250dded
34_HH_Final.mov,34,Hedonic,,Human-created,https://player.vimeo.com/video/1079968878?h=388d5e9a9a
35_HAI_Final.mov,35,Hedonic,,AI-generated,https://player.vimeo.com/video/1079968904?h=1d4a9999e0
35_HH_Final.mov,35,Hedonic,,Human-created,https://player.vimeo.com/video/1079968931?h=30e8cb7f59
36_HAI_Final.mov,36,Hedonic,,AI-generated,https://player.vimeo.com/video/1079968963?h=7deb4388fa
36_HH_Final.mov,36,Hedonic,,Human-created,https://player.vimeo.com/video/1079968999?h=bf81c62933
